Mentee,Mentor,total,gender,year,school,major,study style,academic interests,personality traits,extroversion,research,work experience,hours,mentorship style,Social & Hobby,Public Service,Media Group,Cultural & Ethnic,Visual & Performing Arts,Honor Society,Academic & Professional,A Cappella,Peer Mentors,Debate,Choir,activity matches
wud3tx,kwc3am,51.0,0.0,0,2,8,3,4,0.0,8.0,8,0,0,6,0,0,0,0,0,2,0,0,0,0,0,10
wud3tx,dwj7ma,39.5,1.5,0,2,8,3,2,12.0,0.0,8,0,0,3,0,0,0,0,0,0,0,0,0,0,0,0
bpr5yg,yez9pj,39.0,0.0,0,0,0,0,4,2.0,2.0,6,0,0,3,0,0,0,0,0,0,2,0,0,0,0,20
rem4eb,vzh2vs,35.0,0.0,0,2,0,0,2,6.0,2.0,8,0,0,3,2,0,0,0,0,0,0,0,0,0,0,10
jex3rc,kwc3am,35.0,3.0,0,2,6,3,4,4.0,4.0,6,0,0,3,0,0,0,0,0,0,0,0,0,0,0,0
pyp2xp,fxr8kz,34.5,2.5,0,0,0,0,0,0.0,4.0,8,0,0,6,2,0,0,0,0,0,2,0,0,0,0,10
pyp2xp,kwc3am,33.5,2.5,0,2,0,0,2,0.0,4.0,8,0,0,3,0,0,0,0,0,2,0,0,0,0,0,10
kvp8as,kwc3am,33.0,0.0,0,2,8,3,2,3.0,6.0,6,0,0,3,0,0,0,0,0,0,0,0,0,0,0,0
wud3tx,hvf5hy,33.0,0.0,0,0,8,0,2,8.0,4.0,8,0,0,3,0,0,0,0,0,0,0,0,0,0,0,0
npw9hv,fxr8kz,32.0,0.0,0,0,0,0,2,3.0,6.0,6,0,0,3,0,0,0,0,0,0,2,0,0,0,0,10
kks9hk,fxr8kz,32.0,3.0,0,2,2,3,2,1.0,2.0,2,0,0,3,0,0,0,0,0,0,2,0,0,0,0,10
wud3tx,ymx9qt,30.5,1.5,0,2,0,0,0,12.0,4.0,8,0,0,3,0,0,0,0,0,0,0,0,0,0,0,0
wud3tx,yez9pj,29.0,0.0,0,0,0,0,4,8.0,4.0,8,0,0,3,0,0,0,0,0,0,2,0,0,0,0,0
wud3tx,jnn7nd,29.0,0.0,0,0,0,0,2,8.0,8.0,8,0,0,3,0,0,0,0,0,0,0,0,0,0,0,0
bpr5yg,vzh2vs,29.0,0.0,0,0,0,0,2,4.0,2.0,6,0,0,3,2,0,0,0,0,0,0,0,0,0,0,10
bky8dm,dwj7ma,28.5,2.5,0,2,0,3,2,12.0,0.0,4,0,0,3,0,0,0,0,0,0,0,0,0,0,0,0
kcj3un,mun7du,28.5,2.5,0,0,0,3,0,3.0,3.0,8,0,-6,3,0,0,0,0,2,0,0,0,0,0,0,10
bky8dm,kwc3am,28.0,0.0,0,2,0,3,2,4.0,8.0,4,0,0,3,0,0,0,0,0,2,0,0,0,0,0,0
bky8dm,fxr8kz,28.0,0.0,0,0,0,3,2,8.0,8.0,4,0,-4,3,2,0,0,0,0,0,2,0,0,0,0,0
wud3tx,fxr8kz,28.0,0.0,0,0,0,3,2,4.0,8.0,8,0,-4,3,2,0,0,0,0,0,2,0,0,0,0,0
bky8dm,vkh4pg,28.0,0.0,0,2,6,3,2,4.0,8.0,0,0,0,3,0,0,0,0,0,0,0,0,0,0,0,0
kcj3un,dwj7ma,27.5,2.5,0,0,0,3,2,9.0,0.0,8,0,0,3,0,0,0,0,0,0,0,0,0,0,0,0
bky8dm,gvz4gy,27.5,2.5,0,2,0,3,2,8.0,4.0,0,0,0,6,0,0,0,0,0,0,0,0,0,0,0,0
kvp8as,dwj7ma,27.5,1.5,0,2,0,3,0,9.0,0.0,6,0,0,6,0,0,0,0,0,0,0,0,0,0,0,0
wud3tx,pmh3ax,27.0,0.0,0,2,8,0,2,4.0,8.0,0,0,0,3,0,0,0,0,0,0,0,0,0,0,0,0
jws9eq,vzh2vs,27.0,0.0,0,0,0,0,2,2.0,2.0,6,0,0,3,2,0,0,0,0,0,0,0,0,0,0,10
jex3rc,yez9pj,27.0,3.0,0,0,0,0,4,4.0,2.0,6,0,0,6,0,0,0,0,0,0,2,0,0,0,0,0
jex3rc,hvf5hy,26.0,3.0,0,0,6,0,2,4.0,2.0,6,0,0,3,0,0,0,0,0,0,0,0,0,0,0,0
bpr5yg,fxr8kz,26.0,0.0,0,0,0,3,2,4.0,4.0,6,0,0,3,2,0,0,0,0,0,2,0,0,0,0,0
rem4eb,jnn7nd,26.0,0.0,0,2,0,0,2,4.0,4.0,8,0,0,6,0,0,0,0,0,0,0,0,0,0,0,0
rem4eb,fxr8kz,26.0,0.0,0,2,0,0,2,2.0,4.0,8,0,0,6,2,0,0,0,0,0,0,0,0,0,0,0
jex3rc,gvz4gy,26.0,0.0,0,2,0,3,2,2.0,2.0,0,0,0,3,0,0,0,2,0,0,0,0,0,0,0,10
usu8qa,fxr8kz,26.0,0.0,0,0,6,3,2,2.0,2.0,4,0,0,3,2,0,0,0,0,0,2,0,0,0,0,0
ybu6vk,dwj7ma,26.0,3.0,0,2,0,3,2,6.0,0.0,4,0,0,6,0,0,0,0,0,0,0,0,0,0,0,0
jws9eq,ymx9qt,26.0,2.0,0,2,6,0,2,0.0,2.0,6,0,0,6,0,0,0,0,0,0,0,0,0,0,0,0
bky8dm,ymx9qt,25.5,2.5,0,2,0,0,2,8.0,4.0,4,0,0,3,0,0,0,0,0,0,0,0,0,0,0,0
bky8dm,jnn7nd,25.0,0.0,0,0,0,0,2,8.0,8.0,4,0,0,3,0,0,0,0,0,0,0,0,0,0,0,0
kvp8as,hvf5hy,25.0,0.0,0,0,8,0,2,3.0,3.0,6,0,0,3,0,0,0,0,0,0,0,0,0,0,0,0
jws9eq,dwj7ma,25.0,2.0,0,2,0,3,2,4.0,0.0,6,0,0,6,0,0,0,0,0,0,0,0,0,0,0,0
kcj3un,fxr8kz,25.0,0.0,0,0,0,3,2,3.0,6.0,8,0,-4,3,2,0,0,0,0,0,2,0,0,0,0,0
jex3rc,fxr8kz,24.0,3.0,0,0,0,3,2,2.0,4.0,6,0,-4,6,0,0,0,0,0,0,2,0,0,0,0,0
jws9eq,vkh4pg,24.0,0.0,0,2,6,3,2,4.0,4.0,0,0,0,3,0,0,0,0,0,0,0,0,0,0,0,0
kvp8as,fxr8kz,24.0,0.0,0,0,0,3,0,3.0,6.0,6,0,0,6,0,0,0,0,0,0,0,0,0,0,0,0
rem4eb,yez9pj,24.0,0.0,0,2,0,0,2,4.0,2.0,8,0,0,6,0,0,0,0,0,0,0,0,0,0,0,0
rem4eb,fpv5gr,24.0,0.0,0,2,0,0,2,4.0,2.0,8,0,0,6,0,0,0,0,0,0,0,0,0,0,0,0
pyp2xp,jnn7nd,23.5,2.5,0,0,0,3,0,0.0,4.0,8,0,0,6,0,0,0,0,0,0,0,0,0,0,0,0
pyp2xp,yez9pj,23.5,2.5,0,0,0,3,0,0.0,2.0,8,0,0,6,0,0,0,0,0,0,2,0,0,0,0,0
npw9hv,dwj7ma,23.5,1.5,0,2,6,0,2,3.0,0.0,6,0,0,3,0,0,0,0,0,0,0,0,0,0,0,0
wud3tx,vzh2vs,23.0,0.0,0,0,0,0,2,4.0,4.0,8,0,0,3,2,0,0,0,0,0,0,0,0,0,0,0
bpr5yg,kwc3am,23.0,0.0,0,2,0,3,4,4.0,4.0,6,0,0,0,0,0,0,0,0,0,0,0,0,0,0,0
jex3rc,dwj7ma,23.0,0.0,0,2,0,3,2,4.0,0.0,6,0,0,6,0,0,0,0,0,0,0,0,0,0,0,0
bpr5yg,dwj7ma,23.0,3.0,0,2,0,3,2,4.0,0.0,6,0,0,3,0,0,0,0,0,0,0,0,0,0,0,0
bky8dm,yez9pj,23.0,0.0,0,0,0,0,2,8.0,4.0,4,0,0,3,0,0,0,0,0,0,2,0,0,0,0,0
jex3rc,jnn7nd,23.0,3.0,0,0,0,0,2,2.0,4.0,6,0,0,6,0,0,0,0,0,0,0,0,0,0,0,0
pyp2xp,hvf5hy,22.5,2.5,0,0,0,3,4,0.0,2.0,8,0,0,3,0,0,0,0,0,0,0,0,0,0,0,0
bky8dm,mun7du,22.5,2.5,0,2,0,3,2,8.0,4.0,4,0,-6,3,0,0,0,0,0,0,0,0,0,0,0,0
kvp8as,mun7du,22.5,1.5,0,2,0,3,0,3.0,3.0,6,0,-2,6,0,0,0,0,0,0,0,0,0,0,0,0
bky8dm,skn4vr,22.0,0.0,0,2,0,3,2,8.0,8.0,0,0,-4,3,0,0,0,0,0,0,0,0,0,0,0,0
pyp2xp,ymx9qt,22.0,0.0,0,2,0,0,4,0.0,2.0,8,0,0,6,0,0,0,0,0,0,0,0,0,0,0,0
rem4eb,dwj7ma,22.0,2.0,0,0,0,0,2,4.0,0.0,8,0,0,6,0,0,0,0,0,0,0,0,0,0,0,0
kvp8as,skn4vr,22.0,0.0,0,2,0,3,2,3.0,6.0,0,0,0,6,0,0,0,0,0,0,0,0,0,0,0,0
wud3tx,skn4vr,22.0,0.0,0,2,0,3,2,8.0,8.0,0,0,-4,3,0,0,0,0,0,0,0,0,0,0,0,0
npw9hv,pmh3ax,22.0,0.0,0,2,6,0,2,3.0,6.0,0,0,0,3,0,0,0,0,0,0,0,0,0,0,0,0
kcj3un,kwc3am,22.0,0.0,0,0,0,3,2,3.0,6.0,8,0,0,0,0,0,0,0,0,0,0,0,0,0,0,0
ajt8mm,jnn7nd,21.5,2.5,0,0,0,3,0,2.0,4.0,4,0,0,6,0,0,0,0,0,0,0,0,0,0,0,0
pyp2xp,fpv5gr,21.5,2.5,0,0,0,3,0,0.0,2.0,8,0,0,6,0,0,0,0,0,0,0,0,0,0,0,0
ajt8mm,fpv5gr,21.5,2.5,0,0,0,3,0,4.0,2.0,4,0,0,6,0,0,0,0,0,0,0,0,0,0,0,0
kvp8as,ymx9qt,21.5,1.5,0,2,0,0,0,3.0,3.0,6,0,0,6,0,0,0,0,0,0,0,0,0,0,0,0
vzj5ee,kwc3am,21.0,2.0,0,2,0,3,2,1.0,2.0,6,0,0,3,0,0,0,0,0,0,0,0,0,0,0,0
vzj5ee,fxr8kz,21.0,2.0,0,0,0,3,2,1.0,2.0,6,0,0,3,0,0,0,0,0,0,2,0,0,0,0,0
jws9eq,fxr8kz,21.0,0.0,0,0,0,3,2,2.0,4.0,6,0,-4,6,2,0,0,0,0,0,0,0,0,0,0,0
kcj3un,yez9pj,21.0,0.0,0,0,0,0,2,3.0,3.0,8,0,0,3,0,0,0,0,0,0,2,0,0,0,0,0
rem4eb,kwc3am,21.0,0.0,0,0,0,0,2,4.0,4.0,8,0,0,3,0,0,0,0,0,0,0,0,0,0,0,0
npw9hv,djf2ej,21.0,0.0,0,2,6,3,4,3.0,0.0,0,0,0,3,0,0,0,0,0,0,0,0,0,0,0,0
bpr5yg,mun7du,21.0,3.0,0,2,0,3,0,2.0,2.0,6,0,-2,3,0,0,0,0,2,0,0,0,0,0,0,0
kvp8as,yez9pj,20.0,0.0,0,0,0,0,2,3.0,3.0,6,0,0,6,0,0,0,0,0,0,0,0,0,0,0,0
usu8qa,yez9pj,20.0,0.0,0,0,6,0,2,2.0,1.0,4,0,0,3,0,0,0,0,0,0,2,0,0,0,0,0
bky8dm,hvf5hy,20.0,0.0,0,0,0,0,2,4.0,4.0,4,0,0,6,0,0,0,0,0,0,0,0,0,0,0,0
rem4eb,mun7du,20.0,2.0,0,0,0,0,0,4.0,2.0,8,0,-2,6,0,0,0,0,0,0,0,0,0,0,0,0
npw9hv,hvf5hy,20.0,0.0,0,0,0,3,2,0.0,3.0,6,0,0,6,0,0,0,0,0,0,0,0,0,0,0,0
jws9eq,jnn7nd,20.0,0.0,0,0,0,0,2,2.0,4.0,6,0,0,6,0,0,0,0,0,0,0,0,0,0,0,0
jex3rc,skn4vr,20.0,3.0,0,2,0,3,2,4.0,4.0,0,0,-4,6,0,0,0,0,0,0,0,0,0,0,0,0
rem4eb,ymx9qt,20.0,2.0,0,0,0,0,0,2.0,2.0,8,0,0,6,0,0,0,0,0,0,0,0,0,0,0,0
bky8dm,vzh2vs,20.0,0.0,0,0,0,0,2,8.0,4.0,4,0,0,0,2,0,0,0,0,0,0,0,0,0,0,0
pyp2xp,mun7du,20.0,0.0,0,2,0,0,4,0.0,2.0,8,0,-2,6,0,0,0,0,0,0,0,0,0,0,0,0
ybu6vk,jnn7nd,20.0,0.0,0,0,0,0,2,4.0,4.0,4,0,0,6,0,0,0,0,0,0,0,0,0,0,0,0
jex3rc,vzh2vs,20.0,3.0,0,0,0,0,2,4.0,2.0,6,0,0,3,0,0,0,0,0,0,0,0,0,0,0,0
usu8qa,vzh2vs,20.0,0.0,0,0,0,0,2,1.0,1.0,4,0,0,0,2,0,0,0,0,0,0,0,0,0,0,10
npw9hv,jnn7nd,20.0,0.0,0,0,0,3,2,0.0,6.0,6,0,0,3,0,0,0,0,0,0,0,0,0,0,0,0
wud3tx,mun7du,19.5,1.5,0,2,0,3,0,4.0,4.0,8,0,-6,3,0,0,0,0,0,0,0,0,0,0,0,0
kcj3un,ymx9qt,19.5,2.5,0,0,0,0,0,3.0,3.0,8,0,0,3,0,0,0,0,0,0,0,0,0,0,0,0
wud3tx,gvz4gy,19.5,1.5,0,2,0,3,2,4.0,4.0,0,0,0,3,0,0,0,0,0,0,0,0,0,0,0,0
wud3tx,vkh4pg,19.0,0.0,0,2,0,3,2,4.0,8.0,0,0,0,0,0,0,0,0,0,0,0,0,0,0,0,0
bky8dm,pmh3ax,19.0,0.0,0,2,0,0,2,4.0,8.0,0,0,0,3,0,0,0,0,0,0,0,0,0,0,0,0
bpr5yg,gvz4gy,19.0,3.0,0,2,0,3,2,4.0,2.0,0,0,0,3,0,0,0,0,0,0,0,0,0,0,0,0
jex3rc,pmh3ax,19.0,3.0,0,2,0,0,2,2.0,4.0,0,0,0,6,0,0,0,0,0,0,0,0,0,0,0,0
jex3rc,vkh4pg,19.0,3.0,0,2,0,3,2,2.0,4.0,0,0,0,3,0,0,0,0,0,0,0,0,0,0,0,0
usu8qa,dwj7ma,19.0,2.0,0,2,0,3,2,3.0,0.0,4,0,0,3,0,0,0,0,0,0,0,0,0,0,0,0
kcj3un,jnn7nd,19.0,0.0,0,0,0,0,2,0.0,6.0,8,0,0,3,0,0,0,0,0,0,0,0,0,0,0,0
bpr5yg,jnn7nd,19.0,0.0,0,0,0,0,2,4.0,4.0,6,0,0,3,0,0,0,0,0,0,0,0,0,0,0,0
jws9eq,mun7du,19.0,2.0,0,2,0,3,2,2.0,2.0,6,0,-6,6,0,0,0,0,0,0,0,0,0,0,0,0
jex3rc,fpv5gr,19.0,3.0,0,0,0,0,2,4.0,2.0,6,0,-4,6,0,0,0,0,0,0,0,0,0,0,0,0
pyp2xp,skn4vr,18.5,2.5,0,2,0,0,4,0.0,4.0,0,0,0,6,0,0,0,0,0,0,0,0,0,0,0,0
kks9hk,yez9pj,18.0,3.0,-20,2,2,0,2,1.0,1.0,2,0,0,3,0,0,0,0,0,0,2,0,0,0,0,20
bpr5yg,vkh4pg,18.0,0.0,0,2,0,3,2,4.0,4.0,0,0,0,3,0,0,0,0,0,0,0,0,0,0,0,0
vzj5ee,dwj7ma,18.0,0.0,0,2,0,3,2,2.0,0.0,6,0,0,3,0,0,0,0,0,0,0,0,0,0,0,0
ybu6vk,pmh3ax,18.0,0.0,0,2,0,0,2,2.0,4.0,0,0,0,6,0,0,0,0,2,0,0,0,0,0,0,0
jex3rc,ymx9qt,18.0,0.0,0,2,0,0,0,2.0,2.0,6,0,0,6,0,0,0,0,0,0,0,0,0,0,0,0
vzj5ee,vzh2vs,18.0,2.0,0,0,0,0,2,1.0,1.0,6,0,0,6,0,0,0,0,0,0,0,0,0,0,0,0
jws9eq,pmh3ax,18.0,0.0,0,2,0,0,2,4.0,4.0,0,0,0,6,0,0,0,0,0,0,0,0,0,0,0,0
bpr5yg,ymx9qt,18.0,3.0,0,2,0,0,0,2.0,2.0,6,0,0,3,0,0,0,0,0,0,0,0,0,0,0,0
ybu6vk,fpv5gr,18.0,0.0,0,0,6,0,2,2.0,2.0,4,0,-4,6,0,0,0,0,0,0,0,0,0,0,0,0
usu8qa,mun7du,18.0,2.0,0,2,0,3,4,1.0,1.0,4,0,-2,3,0,0,0,0,0,0,0,0,0,0,0,0
usu8qa,ymx9qt,18.0,2.0,0,2,0,0,4,2.0,1.0,4,0,0,3,0,0,0,0,0,0,0,0,0,0,0,0
kvp8as,jnn7nd,18.0,0.0,0,0,0,0,0,0.0,6.0,6,0,0,6,0,0,0,0,0,0,0,0,0,0,0,0
kvp8as,gvz4gy,17.5,1.5,0,2,0,3,2,3.0,3.0,0,0,0,3,0,0,0,0,0,0,0,0,0,0,0,0
pyp2xp,vzh2vs,17.5,2.5,0,0,0,0,0,0.0,2.0,8,0,0,3,2,0,0,0,0,0,0,0,0,0,0,0
ajt8mm,vzh2vs,17.5,2.5,0,0,0,0,0,4.0,2.0,4,0,0,3,2,0,0,0,0,0,0,0,0,0,0,0
vzj5ee,yez9pj,17.0,2.0,0,0,0,0,2,1.0,1.0,6,0,0,3,0,0,0,0,0,0,2,0,0,0,0,0
kvp8as,pmh3ax,17.0,0.0,0,2,0,0,0,3.0,6.0,0,0,0,6,0,0,0,0,0,0,0,0,0,0,0,0
ybu6vk,vzh2vs,17.0,0.0,0,0,0,0,2,4.0,2.0,4,0,0,3,2,0,0,0,0,0,0,0,0,0,0,0
vzj5ee,jnn7nd,17.0,2.0,0,0,0,0,2,2.0,2.0,6,0,0,3,0,0,0,0,0,0,0,0,0,0,0,0
kcj3un,vkh4pg,17.0,0.0,0,0,0,3,2,3.0,6.0,0,0,0,3,0,0,0,0,0,0,0,0,0,0,0,0
usu8qa,fpv5gr,17.0,0.0,0,0,6,0,2,1.0,1.0,4,0,0,3,0,0,0,0,0,0,0,0,0,0,0,0
kcj3un,hvf5hy,17.0,0.0,0,0,0,0,0,3.0,3.0,8,0,0,3,0,0,0,0,0,0,0,0,0,0,0,0
kks9hk,gqk5bm,17.0,3.0,0,2,2,0,2,1.0,1.0,0,0,0,6,0,0,0,0,0,0,0,0,0,0,0,0
kvp8as,vkh4pg,17.0,0.0,0,2,0,3,0,3.0,6.0,0,0,0,3,0,0,0,0,0,0,0,0,0,0,0,0
usu8qa,gvz4gy,17.0,2.0,0,2,0,3,4,2.0,1.0,0,0,0,3,0,0,0,0,0,0,0,0,0,0,0,0
npw9hv,fpv5gr,17.0,0.0,0,0,0,3,2,0.0,3.0,6,0,0,3,0,0,0,0,0,0,0,0,0,0,0,0
rem4eb,hvf5hy,17.0,0.0,0,0,0,0,0,4.0,2.0,8,0,0,3,0,0,0,0,0,0,0,0,0,0,0,0
bpr5yg,pmh3ax,17.0,0.0,0,2,0,0,2,4.0,4.0,0,0,0,3,0,0,0,0,2,0,0,0,0,0,0,0
bpr5yg,fpv5gr,17.0,0.0,0,0,0,0,2,4.0,2.0,6,0,0,3,0,0,0,0,0,0,0,0,0,0,0,0
her3cu,mun7du,16.5,1.5,0,2,0,0,6,0.0,0.0,2,0,0,3,0,0,0,0,2,0,0,0,0,0,0,0
kvp8as,aby4fu,16.5,1.5,0,0,0,0,0,6.0,6.0,0,0,0,3,0,0,0,0,0,0,0,0,0,0,0,0
ajt8mm,hvf5hy,16.5,2.5,0,0,0,3,0,2.0,2.0,4,0,0,3,0,0,0,0,0,0,0,0,0,0,0,0
ajt8mm,pmh3ax,16.5,2.5,0,2,0,0,0,2.0,4.0,0,0,0,6,0,0,0,0,0,0,0,0,0,0,0,0
ajt8mm,dwj7ma,16.0,0.0,0,2,0,0,0,4.0,0.0,4,0,0,6,0,0,0,0,0,0,0,0,0,0,0,0
pyp2xp,dwj7ma,16.0,0.0,0,2,0,0,0,0.0,0.0,8,0,0,6,0,0,0,0,0,0,0,0,0,0,0,0
npw9hv,vkh4pg,16.0,0.0,0,2,0,0,2,3.0,6.0,0,0,0,3,0,0,0,0,0,0,0,0,0,0,0,0
kvp8as,djf2ej,16.0,0.0,0,2,0,0,2,6.0,0.0,0,0,0,6,0,0,0,0,0,0,0,0,0,0,0,0
usu8qa,skn4vr,16.0,0.0,0,2,0,3,4,2.0,2.0,0,0,0,3,0,0,0,0,0,0,0,0,0,0,0,0
kcj3un,pmh3ax,16.0,0.0,0,0,0,0,2,3.0,6.0,0,0,0,3,0,0,0,0,2,0,0,0,0,0,0,0
bpr5yg,skn4vr,16.0,0.0,0,2,0,3,2,2.0,4.0,0,0,0,3,0,0,0,0,0,0,0,0,0,0,0,0
usu8qa,kwc3am,16.0,0.0,0,2,0,3,4,1.0,2.0,4,0,0,0,0,0,0,0,0,0,0,0,0,0,0,0
npw9hv,ymx9qt,15.5,1.5,0,2,0,0,0,0.0,3.0,6,0,0,3,0,0,0,0,0,0,0,0,0,0,0,0
ajt8mm,djf2ej,15.5,2.5,0,2,0,3,0,2.0,0.0,0,0,0,6,0,0,0,0,0,0,0,0,0,0,0,0
kvp8as,bmu9dt,15.5,1.5,0,0,0,0,2,6.0,0.0,0,0,0,6,0,0,0,0,0,0,0,0,0,0,0,0
pyp2xp,djf2ej,15.5,2.5,0,2,0,3,2,0.0,0.0,0,0,0,6,0,0,0,0,0,0,0,0,0,0,0,0
kvp8as,fpv5gr,15.0,0.0,0,0,0,0,0,0.0,3.0,6,0,0,6,0,0,0,0,0,0,0,0,0,0,0,0
bpr5yg,hvf5hy,15.0,0.0,0,0,0,0,2,2.0,2.0,6,0,0,3,0,0,0,0,0,0,0,0,0,0,0,0
jws9eq,hvf5hy,15.0,0.0,0,0,0,0,2,2.0,2.0,6,0,0,3,0,0,0,0,0,0,0,0,0,0,0,0
kcj3un,vzh2vs,15.0,0.0,0,0,0,0,2,0.0,3.0,8,0,0,0,2,0,0,0,0,0,0,0,0,0,0,0
kks9hk,jnn7nd,15.0,3.0,0,2,0,0,2,1.0,2.0,2,0,0,3,0,0,0,0,0,0,0,0,0,0,0,0
kks9hk,fpv5gr,15.0,3.0,0,2,2,0,2,0.0,1.0,2,0,0,3,0,0,0,0,0,0,0,0,0,0,0,0
vzj5ee,fpv5gr,15.0,2.0,0,0,0,0,2,1.0,1.0,6,0,0,3,0,0,0,0,0,0,0,0,0,0,0,0
jex3rc,mun7du,15.0,0.0,0,2,0,3,0,2.0,2.0,6,0,-6,6,0,0,0,0,0,0,0,0,0,0,0,0
kcj3un,gvz4gy,14.5,2.5,0,0,0,3,0,3.0,3.0,0,0,0,3,0,0,0,0,0,0,0,0,0,0,0,0
pyp2xp,pmh3ax,14.5,2.5,0,2,0,0,0,0.0,4.0,0,0,0,6,0,0,0,0,0,0,0,0,0,0,0,0
ajt8mm,fxr8kz,14.5,2.5,-20,0,0,0,2,2.0,4.0,4,0,0,6,2,0,0,0,0,0,2,0,0,0,0,10
wud3tx,aby4fu,14.5,1.5,0,0,0,0,2,4.0,8.0,0,0,-4,3,0,0,0,0,0,0,0,0,0,0,0,0
rem4eb,pmh3ax,14.0,0.0,0,0,0,0,2,2.0,4.0,0,0,0,6,0,0,0,0,0,0,0,0,0,0,0,0
vzj5ee,ymx9qt,14.0,0.0,0,2,0,0,0,2.0,1.0,6,0,0,3,0,0,0,0,0,0,0,0,0,0,0,0
kks9hk,vkh4pg,14.0,3.0,0,0,0,3,2,1.0,2.0,0,0,0,3,0,0,0,0,0,0,0,0,0,0,0,0
rem4eb,skn4vr,14.0,0.0,0,0,0,0,0,4.0,4.0,0,0,0,6,0,0,0,0,0,0,0,0,0,0,0,0
ybu6vk,mun7du,14.0,3.0,-20,2,0,3,4,4.0,2.0,4,0,-6,6,0,0,0,0,2,0,0,0,0,0,0,10
jws9eq,fpv5gr,14.0,0.0,0,0,0,0,2,2.0,2.0,6,0,-4,6,0,0,0,0,0,0,0,0,0,0,0,0
bpr5yg,aby4fu,14.0,3.0,0,0,0,0,2,2.0,4.0,0,0,0,3,0,0,0,0,0,0,0,0,0,0,0,0
npw9hv,mun7du,13.5,1.5,0,2,0,0,0,0.0,3.0,6,0,-2,3,0,0,0,0,0,0,0,0,0,0,0,0
vzj5ee,pmh3ax,13.0,2.0,0,2,0,0,2,2.0,2.0,0,0,0,3,0,0,0,0,0,0,0,0,0,0,0,0
ybu6vk,hvf5hy,13.0,0.0,0,0,0,0,2,2.0,2.0,4,0,0,3,0,0,0,0,0,0,0,0,0,0,0,0
usu8qa,hvf5hy,13.0,0.0,0,0,0,0,4,1.0,1.0,4,0,0,3,0,0,0,0,0,0,0,0,0,0,0,0
vzj5ee,skn4vr,13.0,2.0,0,2,0,3,0,1.0,2.0,0,0,0,3,0,0,0,0,0,0,0,0,0,0,0,0
vzj5ee,vkh4pg,13.0,2.0,0,2,0,3,2,2.0,2.0,0,0,0,0,0,0,0,0,0,0,0,0,0,0,0,0
usu8qa,gqk5bm,13.0,0.0,0,0,6,0,2,1.0,1.0,0,0,0,3,0,0,0,0,0,0,0,0,0,0,0,0
usu8qa,vkh4pg,13.0,0.0,0,2,0,3,2,1.0,2.0,0,0,0,3,0,0,0,0,0,0,0,0,0,0,0,0
vzj5ee,mun7du,13.0,0.0,0,2,0,3,0,0.0,1.0,6,0,-2,3,0,0,0,0,0,0,0,0,0,0,0,0
bky8dm,fpv5gr,13.0,0.0,0,0,0,0,2,4.0,4.0,4,0,-4,3,0,0,0,0,0,0,0,0,0,0,0,0
kks9hk,vzh2vs,13.0,3.0,0,2,0,0,2,0.0,1.0,2,0,0,3,0,0,0,0,0,0,0,0,0,0,0,0
pyp2xp,gvz4gy,13.0,0.0,0,2,0,0,4,0.0,2.0,0,0,0,3,0,0,0,2,0,0,0,0,0,0,0,0
npw9hv,skn4vr,13.0,0.0,0,2,0,0,2,0.0,6.0,0,0,0,3,0,0,0,0,0,0,0,0,0,0,0,0
jws9eq,skn4vr,13.0,0.0,0,2,0,3,2,0.0,4.0,0,0,-4,6,0,0,0,0,0,0,0,0,0,0,0,0
wud3tx,fpv5gr,13.0,0.0,0,0,0,0,2,0.0,4.0,8,0,-4,3,0,0,0,0,0,0,0,0,0,0,0,0
kcj3un,aby4fu,12.5,2.5,0,0,0,0,2,6.0,6.0,0,0,-4,0,0,0,0,0,0,0,0,0,0,0,0,0
bky8dm,aby4fu,12.5,2.5,0,0,0,0,2,4.0,8.0,0,0,-4,0,0,0,0,0,0,0,0,0,0,0,0,0
her3cu,gvz4gy,12.5,1.5,0,2,0,0,6,0.0,0.0,0,0,0,3,0,0,0,0,0,0,0,0,0,0,0,0
her3cu,ymx9qt,12.5,1.5,0,2,0,0,4,0.0,0.0,2,0,0,3,0,0,0,0,0,0,0,0,0,0,0,0
jex3rc,bmu9dt,12.0,0.0,0,0,0,0,2,4.0,0.0,0,0,0,6,0,0,0,0,0,0,0,0,0,0,0,0
bpr5yg,gqk5bm,12.0,0.0,0,0,0,0,2,2.0,2.0,0,0,0,6,0,0,0,0,0,0,0,0,0,0,0,0
usu8qa,jnn7nd,12.0,0.0,0,0,0,0,2,1.0,2.0,4,0,0,3,0,0,0,0,0,0,0,0,0,0,0,0
jws9eq,djf2ej,12.0,0.0,0,2,0,0,4,4.0,0.0,0,0,-4,6,0,0,0,0,0,0,0,0,0,0,0,0
kks9hk,dwj7ma,12.0,0.0,0,0,0,3,2,2.0,0.0,2,0,0,3,0,0,0,0,0,0,0,0,0,0,0,0
kcj3un,fpv5gr,12.0,0.0,0,0,0,0,2,0.0,3.0,8,0,-4,3,0,0,0,0,0,0,0,0,0,0,0,0
kvp8as,vzh2vs,12.0,0.0,0,0,0,0,0,0.0,3.0,6,0,0,3,0,0,0,0,0,0,0,0,0,0,0,0
kks9hk,skn4vr,12.0,3.0,0,0,0,3,0,1.0,2.0,0,0,0,3,0,0,0,0,0,0,0,0,0,0,0,0
pyp2xp,vkh4pg,11.5,2.5,0,2,0,0,0,0.0,4.0,0,0,0,3,0,0,0,0,0,0,0,0,0,0,0,0
kcj3un,bmu9dt,11.5,2.5,0,0,0,0,0,6.0,0.0,0,0,0,3,0,0,0,0,0,0,0,0,0,0,0,0
jex3rc,djf2ej,11.0,3.0,0,2,0,0,4,0.0,0.0,0,0,-4,6,0,0,0,0,0,0,0,0,0,0,0,0
kcj3un,skn4vr,11.0,0.0,0,0,0,3,0,3.0,6.0,0,0,-4,3,0,0,0,0,0,0,0,0,0,0,0,0
ybu6vk,fxr8kz,11.0,0.0,-20,0,6,3,4,4.0,4.0,4,0,-4,6,2,0,0,0,0,0,2,0,0,0,0,0
vzj5ee,aby4fu,11.0,0.0,0,0,0,0,2,1.0,2.0,0,0,0,6,0,0,0,0,0,0,0,0,0,0,0,0
npw9hv,vzh2vs,11.0,0.0,0,0,0,0,2,0.0,3.0,6,0,0,0,0,0,0,0,0,0,0,0,0,0,0,0
vzj5ee,hvf5hy,11.0,2.0,0,0,0,0,0,2.0,1.0,6,0,0,0,0,0,0,0,0,0,0,0,0,0,0,0
rem4eb,vkh4pg,11.0,0.0,0,0,0,0,2,2.0,4.0,0,0,0,3,0,0,0,0,0,0,0,0,0,0,0,0
rem4eb,aby4fu,11.0,2.0,0,0,0,0,2,0.0,4.0,0,0,0,3,0,0,0,0,0,0,0,0,0,0,0,0
kks9hk,pmh3ax,11.0,3.0,0,0,0,0,2,1.0,2.0,0,0,0,3,0,0,0,0,0,0,0,0,0,0,0,0
bpr5yg,djf2ej,11.0,0.0,0,2,0,0,4,2.0,0.0,0,0,0,3,0,0,0,0,0,0,0,0,0,0,0,0
wud3tx,bmu9dt,10.5,1.5,0,0,0,0,2,4.0,0.0,0,0,0,3,0,0,0,0,0,0,0,0,0,0,0,0
bpr5yg,bmu9dt,10.0,3.0,0,0,0,0,2,2.0,0.0,0,0,0,3,0,0,0,0,0,0,0,0,0,0,0,0
kks9hk,hvf5hy,10.0,3.0,0,0,0,0,0,1.0,1.0,2,0,0,3,0,0,0,0,0,0,0,0,0,0,0,0
her3cu,vzh2vs,10.0,0.0,0,0,0,3,0,0.0,0.0,2,0,0,3,2,0,0,0,0,0,0,0,0,0,0,0
vzj5ee,djf2ej,10.0,2.0,0,2,0,0,2,1.0,0.0,0,0,0,3,0,0,0,0,0,0,0,0,0,0,0,0
usu8qa,pmh3ax,10.0,0.0,0,2,0,0,2,1.0,2.0,0,0,0,3,0,0,0,0,0,0,0,0,0,0,0,0
pyp2xp,aby4fu,10.0,0.0,0,0,0,3,0,0.0,4.0,0,0,0,3,0,0,0,0,0,0,0,0,0,0,0,0
usu8qa,djf2ej,10.0,0.0,0,2,0,0,4,1.0,0.0,0,0,0,3,0,0,0,0,0,0,0,0,0,0,0,0
rem4eb,bmu9dt,10.0,2.0,0,0,0,0,0,2.0,0.0,0,0,0,6,0,0,0,0,0,0,0,0,0,0,0,0
her3cu,bmu9dt,9.5,1.5,0,0,0,3,2,0.0,0.0,0,0,0,3,0,0,0,0,0,0,0,0,0,0,0,0
bky8dm,bmu9dt,9.5,2.5,0,0,0,0,0,4.0,0.0,0,0,0,3,0,0,0,0,0,0,0,0,0,0,0,0
rem4eb,gqk5bm,9.0,0.0,0,2,0,0,2,0.0,2.0,0,0,0,3,0,0,0,0,0,0,0,0,0,0,0,0
kks9hk,djf2ej,9.0,3.0,0,0,0,0,2,1.0,0.0,0,0,0,3,0,0,0,0,0,0,0,0,0,0,0,0
her3cu,hvf5hy,9.0,0.0,0,0,0,0,4,0.0,0.0,2,0,0,3,0,0,0,0,0,0,0,0,0,0,0,0
wud3tx,djf2ej,9.0,0.0,0,2,0,0,4,4.0,0.0,0,0,-4,3,0,0,0,0,0,0,0,0,0,0,0,0
her3cu,fxr8kz,9.0,0.0,0,0,0,0,2,0.0,0.0,2,0,0,3,2,0,0,0,0,0,0,0,0,0,0,0
her3cu,skn4vr,9.0,0.0,0,2,0,0,4,0.0,0.0,0,0,0,3,0,0,0,0,0,0,0,0,0,0,0,0
vzj5ee,gqk5bm,9.0,2.0,0,0,0,0,2,1.0,1.0,0,0,0,3,0,0,0,0,0,0,0,0,0,0,0,0
rem4eb,gvz4gy,9.0,2.0,0,0,0,0,0,2.0,2.0,0,0,0,3,0,0,0,0,0,0,0,0,0,0,0,0
bky8dm,gqk5bm,9.0,0.0,0,0,0,0,2,4.0,4.0,0,0,-4,3,0,0,0,0,0,0,0,0,0,0,0,0
her3cu,gqk5bm,9.0,0.0,0,0,0,3,0,0.0,0.0,0,0,0,6,0,0,0,0,0,0,0,0,0,0,0,0
her3cu,dwj7ma,8.5,1.5,0,2,0,0,0,0.0,0.0,2,0,0,3,0,0,0,0,0,0,0,0,0,0,0,0
rem4eb,djf2ej,8.0,0.0,0,0,0,0,2,0.0,0.0,0,0,0,6,0,0,0,0,0,0,0,0,0,0,0,0
kks9hk,ymx9qt,8.0,0.0,0,0,0,0,0,2.0,1.0,2,0,0,3,0,0,0,0,0,0,0,0,0,0,0,0
ybu6vk,djf2ej,8.0,0.0,0,2,0,0,2,2.0,0.0,0,0,-4,6,0,0,0,0,0,0,0,0,0,0,0,0
npw9hv,gqk5bm,8.0,0.0,0,0,0,0,2,0.0,3.0,0,0,0,3,0,0,0,0,0,0,0,0,0,0,0,0
jws9eq,gvz4gy,8.0,2.0,-20,2,0,3,2,2.0,2.0,0,0,0,3,0,0,0,2,0,0,0,0,0,0,0,10
pyp2xp,gqk5bm,7.5,2.5,0,0,0,0,0,0.0,2.0,0,0,0,3,0,0,0,0,0,0,0,0,0,0,0,0
her3cu,pmh3ax,7.0,0.0,0,2,0,0,0,0.0,0.0,0,0,0,3,0,0,0,0,2,0,0,0,0,0,0,0
her3cu,djf2ej,7.0,0.0,0,2,0,0,2,0.0,0.0,0,0,0,3,0,0,0,0,0,0,0,0,0,0,0,0
usu8qa,aby4fu,7.0,2.0,0,0,0,0,2,1.0,2.0,0,0,0,0,0,0,0,0,0,0,0,0,0,0,0,0
usu8qa,bmu9dt,7.0,2.0,0,0,0,0,0,2.0,0.0,0,0,0,3,0,0,0,0,0,0,0,0,0,0,0,0
bky8dm,djf2ej,7.0,0.0,0,2,0,0,2,4.0,0.0,0,0,-4,3,0,0,0,0,0,0,0,0,0,0,0,0
kcj3un,djf2ej,7.0,0.0,0,0,0,0,2,6.0,0.0,0,0,-4,3,0,0,0,0,0,0,0,0,0,0,0,0
vzj5ee,gvz4gy,7.0,0.0,0,2,0,3,0,1.0,1.0,0,0,0,0,0,0,0,0,0,0,0,0,0,0,0,0
kks9hk,mun7du,7.0,0.0,0,0,0,3,0,0.0,1.0,2,0,-2,3,0,0,0,0,0,0,0,0,0,0,0,0
jex3rc,gqk5bm,6.0,3.0,0,0,0,0,2,0.0,2.0,0,0,-4,3,0,0,0,0,0,0,0,0,0,0,0,0
wud3tx,gqk5bm,6.0,0.0,0,0,0,0,2,4.0,4.0,0,0,-4,0,0,0,0,0,0,0,0,0,0,0,0,0
her3cu,kwc3am,6.0,0.0,0,2,0,0,2,0.0,0.0,2,0,0,0,0,0,0,0,0,0,0,0,0,0,0,0
kvp8as,gqk5bm,6.0,0.0,0,0,0,0,0,0.0,3.0,0,0,0,3,0,0,0,0,0,0,0,0,0,0,0,0
pyp2xp,bmu9dt,6.0,0.0,0,0,0,0,0,0.0,0.0,0,0,0,6,0,0,0,0,0,0,0,0,0,0,0,0
jws9eq,kwc3am,6.0,0.0,-20,2,0,3,4,4.0,4.0,6,0,0,3,0,0,0,0,0,0,0,0,0,0,0,0
her3cu,yez9pj,5.0,0.0,0,0,0,0,0,0.0,0.0,2,0,0,3,0,0,0,0,0,0,0,0,0,0,0,0
her3cu,fpv5gr,5.0,0.0,0,0,0,0,0,0.0,0.0,2,0,0,3,0,0,0,0,0,0,0,0,0,0,0,0
her3cu,jnn7nd,5.0,0.0,0,0,0,0,0,0.0,0.0,2,0,0,3,0,0,0,0,0,0,0,0,0,0,0,0
her3cu,vkh4pg,5.0,0.0,0,2,0,0,0,0.0,0.0,0,0,0,3,0,0,0,0,0,0,0,0,0,0,0,0
jex3rc,aby4fu,5.0,0.0,0,0,0,0,2,0.0,4.0,0,0,-4,3,0,0,0,0,0,0,0,0,0,0,0,0
her3cu,aby4fu,4.5,1.5,0,0,0,0,0,0.0,0.0,0,0,0,3,0,0,0,0,0,0,0,0,0,0,0,0
kcj3un,gqk5bm,4.0,0.0,0,0,0,0,2,0.0,3.0,0,0,-4,3,0,0,0,0,0,0,0,0,0,0,0,0
vzj5ee,bmu9dt,4.0,0.0,0,0,0,0,0,1.0,0.0,0,0,0,3,0,0,0,0,0,0,0,0,0,0,0,0
npw9hv,kwc3am,3.0,0.0,-20,2,0,0,4,0.0,6.0,6,0,0,3,0,0,0,0,0,2,0,0,0,0,0,0
jws9eq,gqk5bm,3.0,0.0,0,0,0,0,2,0.0,2.0,0,0,-4,3,0,0,0,0,0,0,0,0,0,0,0,0
ybu6vk,ymx9qt,3.0,3.0,-20,2,0,0,2,4.0,2.0,4,0,0,6,0,0,0,0,0,0,0,0,0,0,0,0
npw9hv,yez9pj,1.0,0.0,-20,0,0,3,4,0.0,3.0,6,0,0,3,0,0,0,0,0,0,2,0,0,0,0,0
ajt8mm,mun7du,0.0,0.0,-20,2,0,0,2,4.0,2.0,4,0,0,6,0,0,0,0,0,0,0,0,0,0,0,0
kks9hk,gvz4gy,0.0,0.0,-20,0,0,3,0,1.0,1.0,0,0,0,3,0,0,0,2,0,0,0,0,0,0,0,10
npw9hv,gvz4gy,-2.5,1.5,-20,2,0,0,2,3.0,3.0,0,0,0,6,0,0,0,0,0,0,0,0,0,0,0,0
ybu6vk,skn4vr,-3.0,0.0,-20,2,0,3,2,4.0,4.0,0,0,-4,6,0,0,0,0,0,0,0,0,0,0,0,0
ajt8mm,skn4vr,-3.5,2.5,-20,2,0,0,0,2.0,4.0,0,0,0,6,0,0,0,0,0,0,0,0,0,0,0,0
jws9eq,yez9pj,-4.0,0.0,-20,0,0,0,2,0.0,2.0,6,0,0,6,0,0,0,0,0,0,0,0,0,0,0,0
ybu6vk,vkh4pg,-4.0,0.0,-20,2,0,3,2,2.0,4.0,0,0,0,3,0,0,0,0,0,0,0,0,0,0,0,0
npw9hv,aby4fu,-4.5,1.5,-20,0,0,3,2,3.0,6.0,0,0,0,0,0,0,0,0,0,0,0,0,0,0,0,0
ajt8mm,ymx9qt,-6.0,0.0,-20,2,0,0,0,0.0,2.0,4,0,0,6,0,0,0,0,0,0,0,0,0,0,0,0
ajt8mm,vkh4pg,-6.5,2.5,-20,2,0,0,0,2.0,4.0,0,0,0,3,0,0,0,0,0,0,0,0,0,0,0,0
kks9hk,kwc3am,-8.0,3.0,-20,0,0,3,2,0.0,2.0,2,0,0,0,0,0,0,0,0,0,0,0,0,0,0,0
jws9eq,aby4fu,-9.0,2.0,-20,0,0,0,2,4.0,4.0,0,0,-4,3,0,0,0,0,0,0,0,0,0,0,0,0
ybu6vk,gqk5bm,-9.0,0.0,-20,0,6,0,2,2.0,2.0,0,0,-4,3,0,0,0,0,0,0,0,0,0,0,0,0
jws9eq,bmu9dt,-10.0,2.0,-20,0,0,0,0,2.0,0.0,0,0,0,6,0,0,0,0,0,0,0,0,0,0,0,0
kks9hk,aby4fu,-12.0,0.0,-20,0,0,0,2,1.0,2.0,0,0,0,3,0,0,0,0,0,0,0,0,0,0,0,0
ajt8mm,gqk5bm,-12.5,2.5,-20,0,0,0,0,0.0,2.0,0,0,0,3,0,0,0,0,0,0,0,0,0,0,0,0
npw9hv,bmu9dt,-13.5,1.5,-20,0,0,0,2,0.0,0.0,0,0,0,3,0,0,0,0,0,0,0,0,0,0,0,0
kks9hk,bmu9dt,-16.0,0.0,-20,0,0,0,0,1.0,0.0,0,0,0,3,0,0,0,0,0,0,0,0,0,0,0,0
ybu6vk,yez9pj,-64.0,0.0,-100,0,6,0,2,4.0,2.0,4,0,0,6,0,0,0,0,0,0,2,0,0,0,0,10
ajt8mm,gvz4gy,-77.0,0.0,-100,2,0,0,2,2.0,2.0,0,0,0,3,0,0,0,2,0,0,0,0,0,0,0,10
ajt8mm,kwc3am,-78.5,2.5,-100,2,0,0,0,6.0,4.0,4,0,0,3,0,0,0,0,0,0,0,0,0,0,0,0
ajt8mm,yez9pj,-78.5,2.5,-100,0,0,3,0,2.0,2.0,4,0,0,6,0,0,0,0,0,0,2,0,0,0,0,0
ybu6vk,gvz4gy,-79.0,3.0,-100,2,0,3,4,4.0,2.0,0,0,0,3,0,0,0,0,0,0,0,0,0,0,0,0
ybu6vk,kwc3am,-80.0,0.0,-100,2,0,3,2,2.0,4.0,4,0,0,3,0,0,0,0,0,0,0,0,0,0,0,0
ybu6vk,bmu9dt,-87.0,3.0,-100,0,0,0,2,2.0,0.0,0,0,0,6,0,0,0,0,0,0,0,0,0,0,0,0
ajt8mm,bmu9dt,-88.0,0.0,-100,0,0,0,2,4.0,0.0,0,0,0,6,0,0,0,0,0,0,0,0,0,0,0,0
ajt8mm,aby4fu,-88.0,0.0,-100,0,0,3,0,2.0,4.0,0,0,0,3,0,0,0,0,0,0,0,0,0,0,0,0
ybu6vk,aby4fu,-90.0,3.0,-100,0,0,0,2,2.0,4.0,0,0,-4,3,0,0,0,0,0,0,0,0,0,0,0,0
